"Id";"Designator";"Footprint";"Quantity";"Designation";"Supplier and ref";
1;"J1";"USB_C_Receptacle_Palconn_UTC16-G";1;"USB_C_Receptacle_USB2.0_16P";;;
2;"U2";"SOT-223";1;"LM1117MP-ADJ";;;
3;"SW1";"SW_Push_SPST_NO_Alps_SKRK";1;"SW_Push";;;
4;"C6,C5";"C_0402_1005Metric";2;"18p";;;
5;"C11,C15";"CP_Elec_6.3x7.7";2;".1u";;;
6;"C7";"C_0603_1608Metric";1;".01u";;;
7;"Y1";"Crystal_SMD_2012-2Pin_2.0x1.2mm";1;"16MHz";;;
8;"D5";"LED_0402_1005Metric";1;"TX_LED";;;
9;"J3,J2";"PinHeader_1x16_P2.54mm_Vertical";2;"Conn_01x16_Socket";;;
10;"D4,D3";"LED_0402_1005Metric";2;"LED";;;
11;"R5,R6";"R_0402_1005Metric";2;"5.1k";;;
12;"D2,D1";"D_SOD-923";2;"ESD9B5.0ST5G";;;
13;"R4,R3";"R_0402_1005Metric";2;"R";;;
14;"C1,C2,C13,C3,C4,C12";"C_0402_1005Metric";6;".1u";;;
15;"J4";"PinSocket_2x03_P2.54mm_Vertical";1;"ISCP";;;
16;"R11,R12";"R_0402_1005Metric";2;"150";;;
17;"C10";"CP_Elec_6.3x7.7";1;"10u";;;
18;"FB1";"L_0603_1608Metric";1;"120";;;
19;"D6";"LED_0402_1005Metric";1;"RX_LED";;;
20;"R2";"R_0402_1005Metric";1;"1M";;;
21;"U1";"TQFP-32_7x7mm_P0.8mm";1;"ATmega328P-A";;;
22;"R10";"R_0402_1005Metric";1;"70";;;
23;"C14,C9";"CP_Elec_6.3x7.7";2;"4.7u";;;
24;"C8";"C_0603_1608Metric";1;".1u";;;
25;"R8";"R_0402_1005Metric";1;"200";;;
26;"R7";"R_0402_1005Metric";1;"121";;;
27;"L1";"L_0603_1608Metric";1;"10u";;;
28;"R1";"R_0402_1005Metric";1;"10k";;;
29;"R9";"R_0402_1005Metric";1;"155";;;
30;"F1";"Fuse_1812_4532Metric";1;"500mA";;;
31;"U3";"SSOP-28_5.3x10.2mm_P0.65mm";1;"FT232RL";;;
